{
  "version": 1,
  "author": "The Bin - Hack Club",
  "editor": "wokwi",
  "parts": [
    { "type": "board-pi-pico-w", "id": "pico", "top": -147.25, "left": -178.85, "attrs": {} },
    {
      "type": "wokwi-neopixel",
      "id": "wokwi-neopixel-0",
      "top": -128.3,
      "left": -221.8,
      "attrs": {}
    },
    { "type": "wokwi-led", "id": "led1", "top": -138, "left": 119, "attrs": { "color": "red" } },
    {
      "type": "wokwi-pushbutton",
      "id": "btn2",
      "top": -128.2,
      "left": -19.2,
      "attrs": { "color": "red" }
    },
    {
      "type": "wokwi-resistor",
      "id": "r4",
      "top": 80.75,
      "left": -115.2,
      "attrs": { "value": "10" }
    },
    {
      "type": "wokwi-led",
      "id": "led2",
      "top": -61.2,
      "left": 157.4,
      "attrs": { "color": "green" }
    },
    {
      "type": "wokwi-led",
      "id": "led3",
      "top": 34.8,
      "left": 186.2,
      "attrs": { "color": "blue" }
    },
    {
      "type": "wokwi-pushbutton",
      "id": "btn1",
      "top": -51.4,
      "left": 28.8,
      "attrs": { "color": "green" }
    },
    {
      "type": "wokwi-pushbutton",
      "id": "btn3",
      "top": 25.4,
      "left": 67.2,
      "attrs": { "color": "blue" }
    }
  ],
  "connections": [
    [ "pico:GP0", "$serialMonitor:RX", "", [] ],
    [ "pico:GP1", "$serialMonitor:TX", "", [] ],
    [ "r4:1", "pico:GND.4", "black", [ "v0", "h-96", "v-57.6" ] ],
    [ "led1:A", "pico:VBUS", "red", [ "v0", "h19.2", "v-48", "h-268.8", "v28.8" ] ],
    [ "pico:GP20", "r4:2", "green", [ "h0" ] ],
    [ "btn2:2.r", "led1:C", "green", [ "h0" ] ],
    [ "btn2:2.l", "pico:GP20", "green", [ "h-67.2", "v96.2" ] ],
    [ "pico:VBUS", "btn2:1.l", "green", [ "h0" ] ],
    [ "pico:GP18", "r4:2", "green", [ "h0" ] ],
    [ "pico:GP19", "r4:2", "green", [ "h0" ] ]
  ],
  "dependencies": {}
}