{
  "version": 1,
  "author": "The Bin - Hack Club",
  "editor": "wokwi",
  "parts": [
    { "type": "board-pi-pico-w", "id": "pico", "top": -147.25, "left": -178.85, "attrs": {} },
    {
      "type": "wokwi-neopixel",
      "id": "wokwi-neopixel-0",
      "top": -128.3,
      "left": -221.8,
      "attrs": {}
    },
    {
      "type": "wokwi-led",
      "id": "led1",
      "top": -157.2,
      "left": 128.6,
      "attrs": { "color": "red" }
    },
    {
      "type": "wokwi-pushbutton",
      "id": "btn2",
      "top": -128.2,
      "left": -19.2,
      "attrs": { "color": "red" }
    },
    {
      "type": "wokwi-resistor",
      "id": "r4",
      "top": 80.75,
      "left": -115.2,
      "attrs": { "value": "10" }
    },
    {
      "type": "wokwi-led",
      "id": "led2",
      "top": -70.8,
      "left": 157.4,
      "attrs": { "color": "green" }
    },
    {
      "type": "wokwi-led",
      "id": "led3",
      "top": 34.8,
      "left": 186.2,
      "attrs": { "color": "blue" }
    },
    {
      "type": "wokwi-pushbutton",
      "id": "btn1",
      "top": -51.4,
      "left": 28.8,
      "attrs": { "color": "green" }
    },
    {
      "type": "wokwi-pushbutton",
      "id": "btn3",
      "top": 25.4,
      "left": 67.2,
      "attrs": { "color": "blue" }
    }
  ],
  "connections": [
    [ "pico:GP0", "$serialMonitor:RX", "", [] ],
    [ "pico:GP1", "$serialMonitor:TX", "", [] ],
    [ "r4:1", "pico:GND.4", "black", [ "v0", "h-96", "v-57.6" ] ],
    [ "led1:A", "pico:VBUS", "red", [ "v0", "h19.2", "v-48", "h-268.8", "v28.8" ] ],
    [ "r4:2", "btn2:2.l", "black", [ "v0", "h37.2" ] ],
    [ "led2:A", "pico:VBUS", "red", [ "v-134.4", "h-278.4", "v28.8" ] ],
    [ "led3:A", "pico:VBUS", "red", [ "v0", "h19.2", "v-240", "h-326.4", "v28.8" ] ],
    [ "btn1:2.l", "r4:2", "black", [ "h0", "v57.8", "h-48", "v48" ] ],
    [ "btn3:2.l", "r4:2", "black", [ "h0", "v38.6" ] ],
    [ "btn2:1.r", "led1:C", "green", [ "v0" ] ],
    [ "btn3:1.r", "led3:C", "green", [ "v0", "h57.8", "v38.4" ] ],
    [ "btn1:1.r", "led2:C", "green", [ "v0" ] ],
    [ "btn2:1.r", "pico:GP20", "green", [ "v-19.2", "h-86.2", "v9.6" ] ],
    [ "btn1:1.r", "pico:GP19", "green", [ "v-19.2", "h-124.6", "v67.2", "h-9.6" ] ],
    [ "btn3:1.r", "pico:GP18", "green", [ "v-19.2", "h0.2" ] ]
  ],
  "dependencies": {}
}