{
  "version": 1,
  "author": "The Bin - Hack Club",
  "editor": "wokwi",
  "parts": [
    { "type": "board-pi-pico-w", "id": "pico", "top": -147.25, "left": -178.85, "attrs": {} },
    {
      "type": "wokwi-neopixel",
      "id": "wokwi-neopixel-0",
      "top": -128.3,
      "left": -221.8,
      "attrs": {}
    },
    {
      "type": "wokwi-led",
      "id": "led1",
      "top": -157.2,
      "left": 128.6,
      "attrs": { "color": "red" }
    },
    {
      "type": "wokwi-led",
      "id": "led2",
      "top": -99.6,
      "left": 147.8,
      "attrs": { "color": "green" }
    },
    { "type": "wokwi-led", "id": "led3", "top": -42, "left": 128.6, "attrs": { "color": "blue" } },
    {
      "type": "wokwi-pushbutton",
      "id": "btn1",
      "top": -70.6,
      "left": -19.2,
      "attrs": { "color": "green" }
    },
    {
      "type": "wokwi-pushbutton",
      "id": "btn2",
      "top": -128.2,
      "left": -19.2,
      "attrs": { "color": "red" }
    },
    {
      "type": "wokwi-pushbutton",
      "id": "btn3",
      "top": -13,
      "left": -19.2,
      "attrs": { "color": "blue" }
    },
    {
      "type": "wokwi-resistor",
      "id": "r1",
      "top": -5.65,
      "left": 57.6,
      "attrs": { "value": "10" }
    },
    {
      "type": "wokwi-resistor",
      "id": "r2",
      "top": -120.85,
      "left": 57.6,
      "attrs": { "value": "10" }
    },
    {
      "type": "wokwi-resistor",
      "id": "r3",
      "top": -63.25,
      "left": 57.6,
      "attrs": { "value": "10" }
    },
    {
      "type": "wokwi-resistor",
      "id": "r4",
      "top": 80.75,
      "left": -115.2,
      "attrs": { "value": "10" }
    }
  ],
  "connections": [
    [ "pico:GP0", "$serialMonitor:RX", "", [] ],
    [ "pico:GP1", "$serialMonitor:TX", "", [] ],
    [ "pico:GP18", "btn3:2.l", "blue", [ "h0" ] ],
    [ "pico:GP19", "btn1:2.l", "green", [ "h48.31", "v-47.96" ] ],
    [ "pico:GP20", "btn2:2.l", "red", [ "h38.71", "v-96" ] ],
    [ "btn3:1.r", "r1:1", "green", [ "v0" ] ],
    [ "btn1:1.r", "r3:1", "green", [ "v0" ] ],
    [ "btn2:2.l", "r4:2", "green", [ "h0" ] ],
    [ "btn1:2.l", "r4:2", "green", [ "h0" ] ],
    [ "btn3:2.l", "r4:2", "green", [ "h0" ] ],
    [ "r4:1", "pico:GND.4", "green", [ "v0", "h-96", "v-57.6" ] ],
    [ "led1:C", "r2:2", "green", [ "v0" ] ],
    [ "led1:A", "pico:VBUS", "green", [ "v0", "h19.2", "v-48", "h-268.8", "v28.8" ] ],
    [ "r2:1", "btn2:1.l", "green", [ "v-28.8", "h-76.8" ] ]
  ],
  "dependencies": {}
}