{
  "version": 1,
  "author": "The Bin - Hack Club",
  "editor": "wokwi",
  "parts": [
    { "type": "board-pi-pico-w", "id": "pico", "top": -137.65, "left": -217.25, "attrs": {} },
    { "type": "wokwi-led", "id": "led1", "top": -138, "left": 176.6, "attrs": { "color": "red" } },
    {
      "type": "wokwi-pushbutton",
      "id": "btn2",
      "top": -128.2,
      "left": 9.6,
      "attrs": { "color": "red" }
    },
    {
      "type": "wokwi-resistor",
      "id": "r4",
      "top": 80.75,
      "left": -115.2,
      "attrs": { "value": "10" }
    },
    {
      "type": "wokwi-led",
      "id": "led2",
      "top": -80.4,
      "left": 176.6,
      "attrs": { "color": "green" }
    },
    {
      "type": "wokwi-led",
      "id": "led3",
      "top": -22.8,
      "left": 176.6,
      "attrs": { "color": "blue" }
    },
    {
      "type": "wokwi-pushbutton",
      "id": "btn1",
      "top": -80.2,
      "left": 9.6,
      "attrs": { "color": "green" }
    },
    {
      "type": "wokwi-pushbutton",
      "id": "btn3",
      "top": -22.6,
      "left": 9.6,
      "attrs": { "color": "blue" }
    },
    {
      "type": "wokwi-resistor",
      "id": "r1",
      "top": 119.15,
      "left": -115.2,
      "attrs": { "value": "10" }
    },
    {
      "type": "wokwi-resistor",
      "id": "r2",
      "top": 99.95,
      "left": -115.2,
      "attrs": { "value": "10" }
    }
  ],
  "connections": [
    [ "pico:GP0", "$serialMonitor:RX", "", [] ],
    [ "pico:GP1", "$serialMonitor:TX", "", [] ],
    [ "r4:1", "pico:GND.4", "black", [ "v0", "h-96", "v-57.6" ] ],
    [ "led1:A", "pico:VBUS", "red", [ "v0", "h19.2", "v-48", "h-268.8", "v28.8" ] ],
    [ "pico:GP20", "r4:2", "black", [ "h0" ] ],
    [ "btn2:2.r", "led1:C", "red", [ "h0" ] ],
    [ "btn2:2.l", "pico:GP20", "red", [ "h-67.2", "v96.2" ] ],
    [ "r2:1", "pico:GND.4", "black", [ "v0", "h-105.6", "v-76.8" ] ],
    [ "r1:1", "pico:GND.4", "black", [ "v0", "h-115.2", "v-96" ] ],
    [ "r2:2", "pico:GP19", "black", [ "v0" ] ],
    [ "r1:2", "pico:GP18", "black", [ "v0" ] ],
    [ "pico:VBUS", "led2:A", "red", [ "h297.91", "v115.2" ] ],
    [ "pico:VBUS", "led3:A", "red", [ "h326.71", "v211.2" ] ],
    [ "pico:VSYS", "btn2:1.l", "gold", [ "h77.11", "v9.6" ] ],
    [ "pico:VSYS", "btn1:1.l", "gold", [ "h67.51", "v86.4" ] ],
    [ "pico:VSYS", "btn3:1.l", "gold", [ "h77.11", "v124.8" ] ],
    [ "btn3:2.r", "led3:C", "red", [ "h48.2", "v19.4" ] ],
    [ "btn1:2.r", "led2:C", "red", [ "h0" ] ],
    [ "btn1:2.l", "pico:GP19", "red", [ "h-67.2", "v29" ] ],
    [ "btn3:2.l", "pico:GP18", "red", [ "h-115.2", "v-38.2" ] ]
  ],
  "dependencies": {}
}