{
  "version": 1,
  "author": "The Bin - Hack Club",
  "editor": "wokwi",
  "parts": [
    { "type": "wokwi-breadboard-half", "id": "bb2", "top": 237, "left": -6.8, "attrs": {} },
    { "type": "board-pi-pico-w", "id": "pico", "top": 6.35, "left": 89.95, "attrs": {} },
    {
      "type": "wokwi-dht22",
      "id": "wokwi-dht22-0",
      "top": 105.9,
      "left": -111,
      "attrs": { "temperature": "17.7", "humidity": "38.5" }
    },
    { "type": "wokwi-lcd1602", "id": "wokwi-lcd1602-0", "top": 464.23, "left": -3.2, "attrs": {} },
    {
      "type": "wokwi-tm1637-7segment",
      "id": "wokwi-tm1637-7segment-0",
      "top": -0.04,
      "left": -194.57,
      "attrs": {}
    },
    {
      "type": "wokwi-pushbutton",
      "id": "btn1",
      "top": 316.2,
      "left": -6.6,
      "rotate": 90,
      "attrs": { "color": "red" }
    }
  ],
  "connections": [
    [ "pico:GP0", "$serialMonitor:RX", "", [] ],
    [ "pico:GP1", "$serialMonitor:TX", "", [] ],
    [ "btn1:1.l", "bb2:3t.c", "", [ "$bb" ] ],
    [ "btn1:2.l", "bb2:1t.c", "", [ "$bb" ] ],
    [ "btn1:1.r", "bb2:3b.h", "", [ "$bb" ] ],
    [ "btn1:2.r", "bb2:1b.h", "", [ "$bb" ] ],
    [ "pico:GND.4", "bb2:tn.6", "black", [ "h0" ] ],
    [ "pico:VBUS", "bb2:tp.25", "red", [ "h0" ] ],
    [ "wokwi-dht22-0:GND", "bb2:tn.1", "black", [ "v0" ] ],
    [ "wokwi-dht22-0:VCC", "bb2:tp.1", "red", [ "v0" ] ],
    [ "wokwi-dht22-0:SDA", "pico:GP14", "green", [ "v19.2", "h67.3", "v-38.4" ] ],
    [ "wokwi-tm1637-7segment-0:CLK", "pico:GP2", "green", [ "h105.6", "v19.2" ] ],
    [ "pico:GP3", "wokwi-tm1637-7segment-0:DIO", "green", [ "h-19.2", "v-19.2" ] ],
    [ "wokwi-tm1637-7segment-0:GND", "bb2:tn.2", "black", [ "h0" ] ],
    [ "wokwi-tm1637-7segment-0:VCC", "bb2:tp.3", "red", [ "h67.2", "v28.8" ] ]
  ],
  "dependencies": {}
}